﻿<?xml version="1.0" encoding="utf-8"?>
<EntryList>
  <Person id="0" country="CAN">
    <Name>Shanty Henri Blacksmith</Name>
  </Person>
  <Person id="1" country="DMN">
    <Name>Killer Brutus Scarlet</Name>
  </Person>
  <Person id="2" country="SAM">
    <Name>Vicious William Digger</Name>
  </Person>
  <Person id="3" country="AFG">
    <Name>孟孟 哲</Name>
  </Person>
  <Person id="4" country="PAR">
    <Name>Edward Demon Darkblade</Name>
  </Person>
  <Person id="5" country="KEN">
    <Name>Sea dog Joe Silverbeard</Name>
  </Person>
  <Person id="6" country="UZB">
    <Name>Emilia Häkkinen</Name>
  </Person>
  <Person id="7" country="BRU">
    <Name>Johnny Bucket Sangre</Name>
  </Person>
  <Person id="8" country="PER">
    <Name>Capt'n Thomas Blackbeard</Name>
  </Person>
  <Person id="9" country="ANG">
    <Name>Avast Jack Crawhawk</Name>
  </Person>
  <Person id="10" country="AND">
    <Name>Canon Brutus Grimbeard</Name>
  </Person>
  <Person id="11" country="COD">
    <Name>冨重 翔</Name>
  </Person>
  <Person id="12" country="BEL">
    <Name>Hungry Jack Blackman</Name>
  </Person>
  <Person id="13" country="PUR">
    <Name>Thomas Deadlights Bloodrayne</Name>
  </Person>
  <Person id="14" country="URU">
    <Name>Screaming Bill Darkblade</Name>
  </Person>
  <Person id="15" country="MDV">
    <Name>Salty Jack Gully</Name>
  </Person>
  <Person id="16" country="DDR_EX">
    <Name>Lucie Langrová</Name>
  </Person>
  <Person id="17" country="ZAI_EX">
    <Name>داریس طایی</Name>
  </Person>
  <Person id="18" country="RUS">
    <Name>Simona Říhová</Name>
  </Person>
  <Person id="19" country="LTU">
    <Name>Salty James Hawkins</Name>
  </Person>
  <Person id="20" country="PAN">
    <Name>Эраст Долгоруков</Name>
  </Person>
  <Person id="21" country="COK">
    <Name>Keelhaul Roger Blackman</Name>
  </Person>
  <Person id="22" country="ZAM">
    <Name>Knut Björklund</Name>
  </Person>
  <Person id="23" country="HAI">
    <Name>Bloody Jack Scarlet</Name>
  </Person>
  <Person id="24" country="PLW">
    <Name>Salty Luna Shelley</Name>
  </Person>
  <Person id="25" country="PNG">
    <Name>Lâm Thành Liệu</Name>
  </Person>
  <Person id="26" country="PHI">
    <Name>Peter Dark Redbeard</Name>
  </Person>
  <Person id="27" country="FJI">
    <Name>ساسان مسگر</Name>
  </Person>
  <Person id="28" country="SCG">
    <Name>manda Väisänen</Name>
  </Person>
  <Person id="29" country="JER">
    <Name>Afamefula Ijendu</Name>
  </Person>
  <Person id="30" country="GUE">
    <Name>Jacob Ruthless Bloodrayne</Name>
  </Person>
  <Person id="31" country="TAN">
    <Name>George Silverbeard</Name>
  </Person>
  <Person id="32" country="ISR">
    <Name>Милена Капустина</Name>
  </Person>
  <Person id="33" country="AZE">
    <Name>Silver William Silverbeard</Name>
  </Person>
  <Person id="34" country="STP">
    <Name>Swag Simon Stoker</Name>
  </Person>
  <Person id="35" country="BIH">
    <Name>Grub William Harker</Name>
  </Person>
  <Person id="36" country="HAI">
    <Name>Milena Koláčková</Name>
  </Person>
</EntryList>